Is_3D_Phase,Iteration,Envelope_Compliance_Nm,Max_Delta_Rho,Compute_Time_sec,Peak_VRAM_GB
0,1,0.6079431870646304,0.20000000000000007,0.6463360786437988,2.489358425140381
0,2,0.610693615983215,0.19850000000000007,0.19468212127685547,2.4956912994384766
0,3,0.6076838522558732,0.19700000000000006,0.12949013710021973,2.4956912994384766
0,4,0.6117427773269783,0.1955,0.11104130744934082,2.4956912994384766
0,5,0.613299019392993,0.17970341598135556,0.10908341407775879,2.4956912994384766
0,6,0.6175667031748083,0.1925,0.12761902809143066,2.4956912994384766
0,7,0.6208569827779293,0.15527768709047055,0.1160891056060791,2.4956912994384766
0,8,0.6247614303023266,0.15527768709047055,0.11441493034362793,2.4956912994384766
0,9,0.6289921198763505,0.162199804004273,0.12458324432373047,2.4956912994384766
0,10,0.632737824683034,0.162199804004273,0.09822678565979004,2.4956912994384766
0,11,0.6354611577301641,0.14029608618993034,0.09695982933044434,2.4956912994384766
0,12,0.6404189328862999,0.14029608618993034,0.11816930770874023,2.4956912994384766
0,13,0.6456840388737404,0.1795819971865701,0.11963558197021484,2.4956912994384766
0,14,0.6472577699046882,0.1795819971865701,0.07422089576721191,2.4956912994384766
0,15,0.6519887816909129,0.1636983614951238,0.10583782196044922,2.4956912994384766
0,16,0.6555659611810032,0.07376927968212947,0.09481143951416016,2.4956912994384766
0,17,0.6608352780214354,0.10629083236090701,0.11505675315856934,2.4956912994384766
0,18,0.6659087109369906,0.05005263856456943,0.110076904296875,2.4956912994384766
0,19,0.6682558994682756,0.044095266674579414,0.07621479034423828,2.4956912994384766
0,20,0.6727311263519224,0.051696187096998344,0.09897589683532715,2.4956912994384766
0,21,0.6790238837289859,0.05526868906874055,0.12253451347351074,2.4956912994384766
0,22,0.6805182322437366,0.04668207048104156,0.07150506973266602,2.4956912994384766
0,23,0.686975607315726,0.0830866863833469,0.12415957450866699,2.4956912994384766
0,24,0.6904524786327004,0.03621207753992006,0.08740520477294922,2.4956912994384766
0,25,0.6931981927602742,0.06151338754316154,0.08109188079833984,2.4956912994384766
0,26,0.7010140909065081,0.08257903771543466,0.13665223121643066,2.4956912994384766
0,27,0.702675320532539,0.05476893466572135,0.08297586441040039,2.4956912994384766
0,28,0.7090754037755045,0.15707739595788836,0.13039588928222656,2.4956912994384766
0,29,0.7110534857103479,0.15707739595788836,0.07036280632019043,2.4956912994384766
0,30,0.7182357747755566,0.13305533267174105,0.13270950317382812,2.4956912994384766
0,31,0.7226879515230817,0.036379481680559336,0.09523701667785645,2.4956912994384766
0,32,0.7251570131164959,0.12356582858016779,0.0804128646850586,2.4956912994384766
0,33,0.7311287548746003,0.15200000000000002,0.11978411674499512,2.4956912994384766
0,34,0.7366786713786722,0.03366839233146979,0.11227750778198242,2.4956912994384766
0,35,0.7402932547482035,0.03750626673963753,0.08926796913146973,2.4956912994384766
0,36,0.7456867659325775,0.04335994366957796,0.10814905166625977,2.4956912994384766
0,37,0.7475612187958671,0.08435288997777848,0.07005596160888672,2.4956912994384766
0,38,0.7570251318743352,0.12287200754715452,0.16048240661621094,2.4956912994384766
0,39,0.7592109481882965,0.04527303750992004,0.07521319389343262,2.4956912994384766
0,40,0.7640755043717218,0.046012594395849926,0.10811805725097656,2.4956912994384766
0,41,0.8025904582854166,0.14000000000000004,0.27231335639953613,2.4956912994384766
0,42,0.804539974739764,0.1385,0.12445950508117676,2.4956912994384766
0,43,0.808401519932378,0.137,0.11655831336975098,2.4956912994384766
0,44,0.8144164703100203,0.07211042279189439,0.15602397918701172,2.4956912994384766
0,45,0.818872992241489,0.07584769164273686,0.14093637466430664,2.4956912994384766
0,46,0.8220563354655974,0.07241316312261625,0.1153719425201416,2.4956912994384766
0,47,0.8270785319140246,0.0730567546565124,0.15395712852478027,2.4956912994384766
0,48,0.8302389434529289,0.08277766891705607,0.11892318725585938,2.4956912994384766
0,49,0.8336630852797338,0.09843956676422705,0.12704205513000488,2.4956912994384766
0,50,0.8369640172868114,0.10941584072805538,0.14607739448547363,2.4956912994384766
0,51,0.8397834266768827,0.125,0.15629911422729492,2.4956912994384766
0,52,0.8408378051020662,0.12350000000000003,0.11316180229187012,2.4956912994384766
0,53,0.8416108746763851,0.12200000000000001,0.1260693073272705,2.4956912994384766
0,54,0.842422695669841,0.12050000000000005,0.1240546703338623,2.4956912994384766
0,55,0.8434534552533415,0.10526133719040687,0.0886836051940918,2.4956912994384766
0,56,0.8467855405518789,0.11750000000000005,0.15810704231262207,2.4956912994384766
0,57,0.8476442690781175,0.08961053472699576,0.07807397842407227,2.4956912994384766
0,58,0.8504090693495795,0.09798407205276227,0.12671160697937012,2.4956912994384766
0,59,0.8526943889128242,0.10374161173436203,0.14206743240356445,2.4956912994384766
0,60,0.8547349656824411,0.11150000000000004,0.1054830551147461,2.4956912994384766
0,61,0.8561482446997928,0.10999999999999999,0.08747720718383789,2.4956912994384766
0,62,0.8600723495992424,0.08195263554758059,0.19309449195861816,2.4956912994384766
0,63,0.8610670601961753,0.08399007137737191,0.08465838432312012,2.4956912994384766
0,64,0.8641152547344814,0.09520234503340741,0.13600873947143555,2.4956912994384766
0,65,0.8663010627002095,0.10372350684291476,0.13969635963439941,2.4956912994384766
0,66,0.8678360727347632,0.10250000000000004,0.09731888771057129,2.4956912994384766
0,67,0.8691165963369607,0.10099999999999998,0.08771967887878418,2.4956912994384766
0,68,0.8733463290665153,0.09950000000000003,0.19588541984558105,2.4956912994384766
0,69,0.8741404500757897,0.09799999999999998,0.08544492721557617,2.4956912994384766
0,70,0.876036249116757,0.09650000000000003,0.11641788482666016,2.4956912994384766
0,71,0.8780646912397934,0.08920995142392563,0.1367783546447754,2.4956912994384766
0,72,0.8807127380512358,0.09350000000000003,0.14866137504577637,2.4956912994384766
0,73,0.8815724101023659,0.09199999999999997,0.09023475646972656,2.4956912994384766
0,74,0.8828134270479309,0.09050000000000002,0.09171938896179199,2.4956912994384766
0,75,0.8853662418170376,0.08899999999999997,0.1529829502105713,2.4956912994384766
0,76,0.8880342452546447,0.08750000000000002,0.14984512329101562,2.4956912994384766
0,77,0.8888648274123121,0.08600000000000008,0.08556723594665527,2.4956912994384766
0,78,0.8900611069173574,0.08450000000000002,0.09426689147949219,2.4956912994384766
0,79,0.892556542205701,0.08299999999999996,0.1608867645263672,2.4956912994384766
0,80,0.8949942516718185,0.08150000000000002,0.1476120948791504,2.4956912994384766
0,81,0.8767323860400513,0.08000000000000007,0.33560848236083984,2.4956912994384766
0,82,0.8761492200249898,0.07850000000000001,0.19579195976257324,2.4956912994384766
0,83,0.8764132655118908,0.07700000000000007,0.22731518745422363,2.4956912994384766
0,84,0.8770073868231489,0.07550000000000007,0.10879898071289062,2.4956912994384766
0,85,0.8783835697846318,0.07400000000000007,0.14490199089050293,2.4956912994384766
0,86,0.8787845105719023,0.07250000000000001,0.08040738105773926,2.4956912994384766
0,87,0.8801541524855256,0.07100000000000006,0.11003446578979492,2.4956912994384766
0,88,0.8803930778317367,0.0695,0.06955099105834961,2.4956912994384766
0,89,0.8830674739184068,0.06800000000000006,0.16511940956115723,2.4956912994384766
0,90,0.8833319761087022,0.0665,0.069732666015625,2.4956912994384766
0,91,0.8847875685907226,0.06500000000000006,0.10721373558044434,2.4956912994384766
0,92,0.8849701124469866,0.06350000000000003,0.06691479682922363,2.4956912994384766
0,93,0.8877010355436392,0.062000000000000055,0.17049217224121094,2.4956912994384766
0,94,0.8880227202365136,0.060500000000000026,0.07522344589233398,2.4956912994384766
0,95,0.8902404043184337,0.05900000000000005,0.16419625282287598,2.4956912994384766
0,96,0.8905908911687412,0.05750000000000005,0.08291339874267578,2.4956912994384766
0,97,0.8927645652625087,0.05600000000000005,0.17321515083312988,2.4956912994384766
0,98,0.8935573146019876,0.05449999999999999,0.09543967247009277,2.4956912994384766
0,99,0.8943712431254881,0.05300000000000005,0.0905909538269043,2.4956912994384766
0,100,0.8962173201014874,0.05149999999999999,0.15587806701660156,2.4956912994384766
0,101,0.8980111905340504,0.050000000000000044,0.16246914863586426,2.4956912994384766
0,102,0.8986670054421888,0.048500000000000015,0.09306883811950684,2.4956912994384766
0,103,0.8998531374697825,0.04700000000000004,0.11242008209228516,2.4956912994384766
0,104,0.9007596162667726,0.04550000000000001,0.10017204284667969,2.4956912994384766
0,105,0.9023874582081112,0.04400000000000004,0.16361761093139648,2.4956912994384766
0,106,0.904071343758919,0.04250000000000004,0.16992735862731934,2.4956912994384766
0,107,0.9048310398125584,0.041000000000000036,0.09744024276733398,2.4956912994384766
0,108,0.9060906201282797,0.03950000000000001,0.11156797409057617,2.4956912994384766
0,109,0.9070509670520546,0.038000000000000034,0.1020500659942627,2.4956912994384766
0,110,0.9088434066809019,0.036500000000000005,0.17998480796813965,2.4956912994384766
0,111,0.9105379099727141,0.03500000000000003,0.17072725296020508,2.4956912994384766
0,112,0.9114990658786908,0.0335,0.11282539367675781,2.4956912994384766
0,113,0.9132144954130567,0.03200000000000003,0.24151372909545898,2.4956912994384766
0,114,0.9144174253617692,0.030500000000000083,0.13225650787353516,2.4956912994384766
0,115,0.9158389942532179,0.02900000000000008,0.1602494716644287,2.4956912994384766
0,116,0.9172664010904636,0.02750000000000008,0.18005919456481934,2.4956912994384766
0,117,0.918426219127403,0.026000000000000023,0.12279605865478516,2.4956912994384766
0,118,0.9203174033622995,0.024500000000000077,0.2632114887237549,2.4956912994384766
0,119,0.9212690137031839,0.02300000000000002,0.13104653358459473,2.4956912994384766
0,120,0.9230860575757949,0.021500000000000075,0.2831721305847168,2.4956912994384766
0,121,0.8763393794467194,0.020000000000000073,0.7496857643127441,2.4956912994384766
0,122,0.8755241466500898,0.020000000000000073,0.30826663970947266,2.4956912994384766
0,123,0.8752585102976219,0.020000000000000025,0.20300793647766113,2.4956912994384766
0,124,0.874733724233971,0.020000000000000046,0.26540660858154297,2.4956912994384766
0,125,0.8745711285056276,0.020000000000000018,0.10747480392456055,2.4956912994384766
0,126,0.8743546322534557,0.020000000000000018,0.17261123657226562,2.4956912994384766
0,127,0.8741290135974382,0.020000000000000018,0.16400623321533203,2.4956912994384766
0,128,0.8739730833482592,0.020000000000000073,0.1197044849395752,2.4956912994384766
0,129,0.8738093676134234,0.020000000000000073,0.10459256172180176,2.4956912994384766
0,130,0.8734662169539582,0.020000000000000018,0.22568082809448242,2.4956912994384766
0,131,0.8733622229563396,0.020000000000000018,0.10079050064086914,2.4956912994384766
0,132,0.8731703776861894,0.020000000000000073,0.1255197525024414,2.4956912994384766
0,133,0.8730467000438938,0.020000000000000018,0.09699726104736328,2.4956912994384766
0,134,0.8729237488868635,0.020000000000000018,0.13046717643737793,2.4956912994384766
0,135,0.872733031071378,0.020000000000000018,0.095550537109375,2.4956912994384766
0,136,0.8726171853857123,0.020000000000000018,0.09597992897033691,2.4956912994384766
0,137,0.8724336120888726,0.020000000000000018,0.09349656105041504,2.4956912994384766
0,138,0.8723357439145939,0.020000000000000018,0.09465312957763672,2.4956912994384766
0,139,0.8721003634510116,0.020000000000000018,0.14331841468811035,2.4956912994384766
0,140,0.8719934736138388,0.020000000000000018,0.10461664199829102,2.4956912994384766
0,141,0.8718751928609066,0.020000000000000018,0.07632803916931152,2.4956912994384766
0,142,0.8718401307309727,0.020000000000000018,0.06560134887695312,2.4956912994384766
0,143,0.8716223418422671,0.020000000000000018,0.11073088645935059,2.4956912994384766
0,144,0.8715988459144552,0.020000000000000018,0.06222701072692871,2.4956912994384766
0,145,0.8714305125441634,0.020000000000000018,0.08762145042419434,2.4956912994384766
0,146,0.8713192523498753,0.020000000000000018,0.09939718246459961,2.4956912994384766
0,147,0.8711622835138852,0.020000000000000018,0.08141946792602539,2.4956912994384766
0,148,0.8711430960058855,0.020000000000000018,0.05883049964904785,2.4956912994384766
0,149,0.8709733397149027,0.020000000000000018,0.09992575645446777,2.4956912994384766
0,150,0.8709699755068347,0.020000000000000018,0.057782888412475586,2.4956912994384766
0,1,0.6420024749610289,0.2,0.7475192546844482,4.459405899047852
0,2,0.6430779693631198,0.1985,0.15929675102233887,4.465738773345947
0,3,0.6420624045740769,0.197,0.11788606643676758,4.465738773345947
0,4,0.6458043599778649,0.1955,0.11489319801330566,4.465738773345947
0,5,0.6487137845305921,0.17958398628015435,0.09875011444091797,4.465738773345947
0,6,0.6535309507714032,0.11341576907904416,0.09849047660827637,4.465738773345947
0,7,0.6584371878540314,0.11410183827947973,0.11156582832336426,4.465738773345947
0,8,0.662920193003194,0.1168587233127436,0.0901334285736084,4.465738773345947
0,9,0.6664883410148671,0.0876110493907355,0.08493757247924805,4.465738773345947
0,10,0.6722352455047946,0.09898664388892053,0.10820174217224121,4.465738773345947
0,11,0.6779213704377846,0.0813654904844594,0.10755157470703125,4.465738773345947
0,12,0.6810618980095264,0.07638456357982804,0.07782196998596191,4.465738773345947
0,13,0.6866034300629424,0.06055902540603575,0.10252499580383301,4.465738773345947
0,14,0.694074143339896,0.07156132549543279,0.13137078285217285,4.465738773345947
0,15,0.6956013858002124,0.07156132549543279,0.0721588134765625,4.465738773345947
0,16,0.7031111266046652,0.15455049984999972,0.12380409240722656,4.465738773345947
0,17,0.7076812883037324,0.055818572048318416,0.08963990211486816,4.465738773345947
0,18,0.7111593170817359,0.05478663534663797,0.08879971504211426,4.465738773345947
0,19,0.7199971462295539,0.07079375130426052,0.1332263946533203,4.465738773345947
0,20,0.7218996302413397,0.04219785748447891,0.06998419761657715,4.465738773345947
0,21,0.7294442654797095,0.08104297836723881,0.12094616889953613,4.465738773345947
0,22,0.7343362931386859,0.0414058764311378,0.09002470970153809,4.465738773345947
0,23,0.7379907464107949,0.03879629759770231,0.08647894859313965,4.465738773345947
0,24,0.7471384047695508,0.04319989591386267,0.14287543296813965,4.465738773345947
0,25,0.7493485545992329,0.032553991065691235,0.0751643180847168,4.465738773345947
0,26,0.7571123282113006,0.0601414544605246,0.12573909759521484,4.465738773345947
0,27,0.7621332690263114,0.039568705187850495,0.09436655044555664,4.465738773345947
0,28,0.7672316528210976,0.03236511650081875,0.10448789596557617,4.465738773345947
0,29,0.77396676217543,0.034772892659449606,0.11700296401977539,4.465738773345947
0,30,0.7797529176585377,0.031778343845084045,0.11631608009338379,4.465738773345947
0,31,0.7835897238262168,0.03665540106365406,0.08712649345397949,4.465738773345947
0,32,0.792853266269518,0.038460341120469144,0.16648101806640625,4.465738773345947
0,33,0.795296151421622,0.04288918752994675,0.07722663879394531,4.465738773345947
0,34,0.802999431924801,0.044106012477326706,0.1380164623260498,4.465738773345947
0,35,0.8087334386397191,0.04057341807353243,0.12432694435119629,4.465738773345947
0,36,0.8146209354831313,0.038237057526615104,0.12161755561828613,4.465738773345947
0,37,0.8188403461415145,0.041963608919926676,0.09158635139465332,4.465738773345947
0,38,0.8281091986541662,0.046931996106239215,0.15843605995178223,4.465738773345947
0,39,0.8307878640418261,0.05457297676222994,0.09185385704040527,4.465738773345947
0,40,0.838281163974705,0.06105670552868847,0.1428990364074707,4.465738773345947
0,41,0.8980527600117831,0.14000000000000007,0.3003873825073242,4.465738773345947
0,42,0.9009158310853675,0.1385,0.12158370018005371,4.465738773345947
0,43,0.9046522569240478,0.137,0.1282179355621338,4.465738773345947
0,44,0.910643234377265,0.10978385653669442,0.18341898918151855,4.465738773345947
0,45,0.9139540472147974,0.1332248827190372,0.1353461742401123,4.465738773345947
0,46,0.9171926426179469,0.09799097802866741,0.13705086708068848,4.465738773345947
0,47,0.9215444015593857,0.12112260463289215,0.17735505104064941,4.465738773345947
0,48,0.9234736159332617,0.10827192630347482,0.13691139221191406,4.465738773345947
0,49,0.9262340849450157,0.128,0.18249177932739258,4.465738773345947
0,50,0.9268970325368466,0.12649999999999995,0.1360156536102295,4.465738773345947
0,51,0.9284955167067945,0.125,0.18942618370056152,4.465738773345947
0,52,0.9276358461429763,0.12350000000000005,0.13391900062561035,4.465738773345947
0,53,0.9257293012367946,0.122,0.13908004760742188,4.465738773345947
0,54,0.9276788359519729,0.12050000000000005,0.16894769668579102,4.465738773345947
0,55,0.9285793783390717,0.119,0.1106109619140625,4.465738773345947
0,56,0.9309884824916969,0.11750000000000005,0.20144987106323242,4.465738773345947
0,57,0.9315632843460638,0.11599999999999999,0.09884214401245117,4.465738773345947
0,58,0.9345053153753218,0.11450000000000005,0.20887446403503418,4.465738773345947
0,59,0.9353022331172287,0.11299999999999999,0.096954345703125,4.465738773345947
0,60,0.9389797444171748,0.11150000000000004,0.21934151649475098,4.465738773345947
0,61,0.9394978462283794,0.09308579483375812,0.08318781852722168,4.465738773345947
0,62,0.9411157387477948,0.10511942865868895,0.13047313690185547,4.465738773345947
0,63,0.9434048371333656,0.10438997123070215,0.15561819076538086,4.465738773345947
0,64,0.9464130413922682,0.10550000000000004,0.17412281036376953,4.465738773345947
0,65,0.9472616671068946,0.10399999999999998,0.08590030670166016,4.465738773345947
0,66,0.9485642287431763,0.10250000000000004,0.08923792839050293,4.465738773345947
0,67,0.9513698124442479,0.10099999999999998,0.1584615707397461,4.465738773345947
0,68,0.9543492751874241,0.09950000000000003,0.16192984580993652,4.465738773345947
0,69,0.9551631688455736,0.09799999999999998,0.08478760719299316,4.465738773345947
0,70,0.9570200311728638,0.08427967808647452,0.10930705070495605,4.465738773345947
0,71,0.9573042698416522,0.09499999999999997,0.06693553924560547,4.465738773345947
0,72,0.9626480164918096,0.09350000000000003,0.23154139518737793,4.465738773345947
0,73,0.9632927213263278,0.09199999999999997,0.08537411689758301,4.465738773345947
0,74,0.9650049348837547,0.09050000000000002,0.11229324340820312,4.465738773345947
0,75,0.9660503217138489,0.08899999999999997,0.09055042266845703,4.465738773345947
0,76,0.9687923090711492,0.08750000000000002,0.1448955535888672,4.465738773345947
0,77,0.971836388290666,0.08600000000000008,0.15214133262634277,4.465738773345947
0,78,0.9735562560556732,0.08450000000000002,0.10197734832763672,4.465738773345947
0,79,0.9745883305465406,0.08299999999999996,0.0812373161315918,4.465738773345947
0,80,0.9783287613129273,0.08150000000000002,0.16470956802368164,4.465738773345947
0,81,0.9629646410201989,0.08000000000000007,0.3546736240386963,4.465738773345947
0,82,0.9618623782479514,0.07850000000000003,0.2623472213745117,4.465738773345947
0,83,0.9632261418118313,0.07700000000000007,0.18504929542541504,4.465738773345947
0,84,0.9632327681326336,0.07550000000000001,0.23762917518615723,4.465738773345947
0,85,0.9638323791533623,0.07400000000000007,0.09471654891967773,4.465738773345947
0,86,0.9656501697249379,0.07250000000000001,0.1353926658630371,4.465738773345947
0,87,0.9659046552058188,0.07100000000000006,0.07452583312988281,4.465738773345947
0,88,0.9683864077174758,0.0695,0.14395642280578613,4.465738773345947
0,89,0.9685835764351047,0.06800000000000006,0.06665420532226562,4.465738773345947
0,90,0.9707326537274868,0.0665,0.12108063697814941,4.465738773345947
0,91,0.9709664794274242,0.06500000000000006,0.07183647155761719,4.465738773345947
0,92,0.9738974515957783,0.06350000000000003,0.17104291915893555,4.465738773345947
0,93,0.9743192177864648,0.062000000000000055,0.07442069053649902,4.465738773345947
0,94,0.9769575416097533,0.0605,0.1605222225189209,4.465738773345947
0,95,0.9784616103761208,0.05900000000000005,0.1067659854888916,4.465738773345947
0,96,0.9792165331592685,0.057499999999999996,0.07673859596252441,4.465738773345947
0,97,0.9818677148255021,0.05600000000000005,0.17399287223815918,4.465738773345947
0,98,0.9823877589436578,0.05449999999999999,0.07445764541625977,4.465738773345947
0,99,0.9855195133176253,0.05300000000000005,0.17675566673278809,4.465738773345947
0,100,0.9870576779598665,0.05149999999999999,0.10305500030517578,4.465738773345947
0,101,0.988014594980821,0.050000000000000044,0.0805048942565918,4.465738773345947
0,102,0.9899014935939436,0.04849999999999999,0.15719056129455566,4.465738773345947
0,103,0.992594721285637,0.04700000000000004,0.19050049781799316,4.465738773345947
0,104,0.9939067661677219,0.045499999999999985,0.10065269470214844,4.465738773345947
0,105,0.9957639380453541,0.04400000000000004,0.11667823791503906,4.465738773345947
0,106,0.9968822073218224,0.04249999999999998,0.09528112411499023,4.465738773345947
0,107,1.0000429433798728,0.041000000000000036,0.2392902374267578,4.465738773345947
0,108,1.0010663178654509,0.03949999999999998,0.09922266006469727,4.465738773345947
0,109,1.0026025734909072,0.038000000000000034,0.10278606414794922,4.465738773345947
0,110,1.0051485516642151,0.03649999999999998,0.19672369956970215,4.465738773345947
0,111,1.0067501948124944,0.03500000000000003,0.1561884880065918,4.465738773345947
0,112,1.0078957924633216,0.033499999999999974,0.09940433502197266,4.465738773345947
0,113,1.0102414638856327,0.03200000000000003,0.19802379608154297,4.465738773345947
0,114,1.0118962354565717,0.030500000000000083,0.1831958293914795,4.465738773345947
0,115,1.013300206287381,0.029000000000000026,0.1185147762298584,4.465738773345947
0,116,1.0155458513583218,0.02750000000000008,0.21532654762268066,4.465738773345947
0,117,1.017127558587196,0.026000000000000023,0.1862483024597168,4.465738773345947
0,118,1.0189290726636557,0.024500000000000077,0.19328069686889648,4.465738773345947
0,119,1.0205934816958373,0.02300000000000002,0.19000792503356934,4.465738773345947
0,120,1.0223877707824243,0.021500000000000075,0.2045586109161377,4.465738773345947
0,121,0.9706580222736463,0.020000000000000073,0.6392886638641357,4.465738773345947
0,122,0.9698094023343643,0.020000000000000018,0.28789806365966797,4.465738773345947
0,123,0.9693891283487229,0.020000000000000073,0.25638771057128906,4.465738773345947
0,124,0.9691071872715845,0.020000000000000073,0.15687870979309082,4.465738773345947
0,125,0.968627187917922,0.020000000000000018,0.20499897003173828,4.465738773345947
0,126,0.9684411254120209,0.020000000000000073,0.1452193260192871,4.465738773345947
0,127,0.9682762822269132,0.020000000000000073,0.12146401405334473,4.465738773345947
0,128,0.9679461641686824,0.020000000000000018,0.18185043334960938,4.465738773345947
0,129,0.967873481996858,0.020000000000000018,0.10079693794250488,4.465738773345947
0,130,0.9675216370934323,0.020000000000000018,0.17365455627441406,4.465738773345947
0,131,0.9674623783825882,0.020000000000000073,0.08788275718688965,4.465738773345947
0,132,0.9672794269508084,0.020000000000000018,0.12687087059020996,4.465738773345947
0,133,0.9672303935178717,0.020000000000000018,0.07891321182250977,4.465738773345947
0,134,0.9668074246002023,0.020000000000000073,0.18354058265686035,4.465738773345947
0,135,0.9667820928514854,0.020000000000000018,0.06277155876159668,4.465738773345947
0,136,0.9666526919732711,0.020000000000000018,0.09177231788635254,4.465738773345947
0,137,0.9666203724452773,0.020000000000000018,0.060952186584472656,4.465738773345947
0,138,0.9660704430582658,0.020000000000000046,0.18095040321350098,4.465738773345947
0,139,0.9660518387989717,0.020000000000000018,0.0634012222290039,4.465738773345947
0,140,0.9659616999069822,0.020000000000000018,0.08420228958129883,4.465738773345947
0,141,0.9659373635235133,0.020000000000000018,0.05593228340148926,4.465738773345947
0,142,0.9656433620722749,0.020000000000000073,0.13227081298828125,4.465738773345947
0,143,0.9656096688645297,0.020000000000000018,0.06407523155212402,4.465738773345947
0,144,0.9654195791089251,0.020000000000000018,0.09948062896728516,4.465738773345947
0,145,0.9653911788008156,0.020000000000000018,0.05813479423522949,4.465738773345947
0,146,0.9651588922498597,0.020000000000000018,0.10178089141845703,4.465738773345947
0,147,0.9648623100869889,0.020000000000000018,0.12498211860656738,4.465738773345947
0,148,0.9647925649672271,0.020000000000000018,0.07612371444702148,4.465738773345947
0,149,0.9647477856869394,0.020000000000000073,0.07137608528137207,4.465738773345947
0,150,0.9644902624138147,0.020000000000000073,0.09560155868530273,4.465738773345947
0,1,0.6420039326755698,0.2,0.529292106628418,4.459405899047852
0,2,0.6428662362422812,0.1985,0.14921045303344727,4.465738773345947
0,3,0.6420527014588127,0.197,0.11680722236633301,4.465738773345947
0,4,0.6459551853262998,0.1955,0.11560678482055664,4.465738773345947
0,5,0.6486860306834891,0.1637310838204914,0.10595107078552246,4.465738773345947
0,6,0.6534891015210602,0.1111387789479118,0.11090373992919922,4.465738773345947
0,7,0.6580297459756672,0.11073477607971782,0.09906721115112305,4.465738773345947
0,8,0.6624965446827983,0.11484236519954016,0.09511113166809082,4.465738773345947
0,9,0.6675955017534243,0.0881692878546877,0.1083531379699707,4.465738773345947
0,10,0.6730175429828069,0.09510638407791672,0.10722541809082031,4.465738773345947
0,11,0.675958596393855,0.08467363279978046,0.07264328002929688,4.465738773345947
0,12,0.6820928785888349,0.10553425623666803,0.10966134071350098,4.465738773345947
0,13,0.6863129647397552,0.06500840325761048,0.08836245536804199,4.465738773345947
0,14,0.6920436900104951,0.0815386550442485,0.10808777809143066,4.465738773345947
0,15,0.6979734669515869,0.05698272235715984,0.10566282272338867,4.465738773345947
0,16,0.7013478063577253,0.051290300321931714,0.08282923698425293,4.465738773345947
0,17,0.7074241465667883,0.052442800570421944,0.10915899276733398,4.465738773345947
0,18,0.7121144718597123,0.05429327294706299,0.08738923072814941,4.465738773345947
0,19,0.7182207159072211,0.06224014339957734,0.12117385864257812,4.465738773345947
0,20,0.7243919152735413,0.03948981370378424,0.11486053466796875,4.465738773345947
0,21,0.7278367880889038,0.03726992740968349,0.08279919624328613,4.465738773345947
0,22,0.7342821538706293,0.04141968103266558,0.10985207557678223,4.465738773345947
0,23,0.7388667995409199,0.03730314832408421,0.0915060043334961,4.465738773345947
0,24,0.7451097919658665,0.036234700625384586,0.12130212783813477,4.465738773345947
0,25,0.7517410653039748,0.03444655573352429,0.12367582321166992,4.465738773345947
0,26,0.7555769921587607,0.035156956888213964,0.08975696563720703,4.465738773345947
0,27,0.7619824976090894,0.035620788352498045,0.1286473274230957,4.465738773345947
0,28,0.7666364336600511,0.03091654064186211,0.14015769958496094,4.465738773345947
0,29,0.7729436910548951,0.03355174376262948,0.12028384208679199,4.465738773345947
0,30,0.7798810698134468,0.034387899036983915,0.13169097900390625,4.465738773345947
0,31,0.7839075532748179,0.0339486756779841,0.09808850288391113,4.465738773345947
0,32,0.7913462542333626,0.0359510382591397,0.14573240280151367,4.465738773345947
0,33,0.7971523961684294,0.041115528295434745,0.12624430656433105,4.465738773345947
0,34,0.801336702651382,0.045252528131661474,0.08650779724121094,4.465738773345947
0,35,0.8086119560773237,0.04360534854656695,0.12667250633239746,4.465738773345947
0,36,0.8146672795918022,0.041435915174564575,0.1207883358001709,4.465738773345947
0,37,0.8190704634344186,0.042037504926162206,0.09856986999511719,4.465738773345947
0,38,0.8263956870807968,0.045027529879791306,0.13150453567504883,4.465738773345947
0,39,0.8325010170224187,0.05139095484516509,0.13162517547607422,4.465738773345947
0,40,0.8383706416420995,0.059781811120519945,0.12193560600280762,4.465738773345947
0,41,0.8983097251146082,0.14000000000000007,0.3323357105255127,4.465738773345947
0,42,0.9012648520126801,0.1385,0.1285841464996338,4.465738773345947
0,43,0.9049877785319942,0.137,0.126509428024292,4.465738773345947
0,44,0.9113490929045845,0.10809966524707537,0.1956784725189209,4.465738773345947
0,45,0.9141202028469609,0.13239055374562136,0.12358927726745605,4.465738773345947
0,46,0.9174297726015516,0.09531942865481913,0.13672423362731934,4.465738773345947
0,47,0.9221319768927372,0.11518774503015838,0.2054424285888672,4.465738773345947
0,48,0.9240663084927623,0.11366698608400272,0.14902162551879883,4.465738773345947
0,49,0.9268469270046316,0.1250046076363841,0.2099590301513672,4.465738773345947
0,50,0.9275201305695627,0.12650000000000006,0.1501014232635498,4.465738773345947
0,51,0.9290515127804851,0.12490444769575379,0.20064663887023926,4.465738773345947
0,52,0.9282932728704496,0.12350000000000005,0.15309500694274902,4.465738773345947
0,53,0.927882747388725,0.122,0.1876206398010254,4.465738773345947
0,54,0.9278527671881616,0.12050000000000005,0.12076878547668457,4.465738773345947
0,55,0.9295431739883575,0.119,0.18732810020446777,4.465738773345947
0,56,0.9303148600983642,0.11750000000000005,0.09866452217102051,4.465738773345947
0,57,0.9329117736731751,0.11599999999999999,0.19420528411865234,4.465738773345947
0,58,0.9336857837207676,0.11450000000000005,0.09547853469848633,4.465738773345947
0,59,0.9371669258665947,0.11299999999999999,0.19852709770202637,4.465738773345947
0,60,0.9377489820826856,0.11150000000000004,0.08272862434387207,4.465738773345947
0,61,0.9403203787826662,0.0917342383516212,0.14255404472351074,4.465738773345947
0,62,0.9424066844237375,0.10421632046641016,0.1428060531616211,4.465738773345947
0,63,0.9447039306581548,0.10269706413087376,0.14346027374267578,4.465738773345947
0,64,0.9455035130822415,0.10550000000000004,0.08555412292480469,4.465738773345947
0,65,0.9494868756013669,0.10400000000000001,0.21738481521606445,4.465738773345947
0,66,0.9499188284956486,0.10250000000000004,0.07904386520385742,4.465738773345947
0,67,0.9514757399130928,0.10099999999999998,0.10398316383361816,4.465738773345947
0,68,0.952442095664852,0.09950000000000003,0.09067940711975098,4.465738773345947
0,69,0.9551760253017764,0.09799999999999998,0.1496126651763916,4.465738773345947
0,70,0.9581490004229322,0.08254543884115684,0.15866684913635254,4.465738773345947
0,71,0.959629652783976,0.0941578575159352,0.10595440864562988,4.465738773345947
0,72,0.9604327985082224,0.09182313355111515,0.08244085311889648,4.465738773345947
0,73,0.9638057503582927,0.09199999999999997,0.17348933219909668,4.465738773345947
0,74,0.9648962257316938,0.09050000000000002,0.09065651893615723,4.465738773345947
0,75,0.9661666612438484,0.08899999999999997,0.08987998962402344,4.465738773345947
0,76,0.9692823034131364,0.08750000000000002,0.15721464157104492,4.465738773345947
0,77,0.9723314632672724,0.08600000000000008,0.15914535522460938,4.465738773345947
0,78,0.9735609185220034,0.08450000000000002,0.09181499481201172,4.465738773345947
0,79,0.9756079860254063,0.08299999999999996,0.10279154777526855,4.465738773345947
0,80,0.9759277558702942,0.08150000000000002,0.06890726089477539,4.465738773345947
0,81,0.9628760579515446,0.08000000000000007,0.37040138244628906,4.465738773345947
0,82,0.9620372348226567,0.07850000000000003,0.2785167694091797,4.465738773345947
0,83,0.9633401199112248,0.07700000000000001,0.19574427604675293,4.465738773345947
0,84,0.9633070684352789,0.07550000000000001,0.2496342658996582,4.465738773345947
0,85,0.9638815205823256,0.07400000000000007,0.09853672981262207,4.465738773345947
0,86,0.96574081045675,0.07250000000000001,0.13991379737854004,4.465738773345947
0,87,0.9659933593164655,0.07100000000000006,0.07806253433227539,4.465738773345947
0,88,0.9685014621417047,0.0695,0.1468966007232666,4.465738773345947
0,89,0.9687123342485675,0.06800000000000006,0.06993579864501953,4.465738773345947
0,90,0.970193883995599,0.0665,0.09746217727661133,4.465738773345947
0,91,0.9719802609335787,0.06500000000000006,0.12726902961730957,4.465738773345947
0,92,0.9734010333659756,0.06350000000000003,0.09593319892883301,4.465738773345947
0,93,0.973540411169875,0.062000000000000055,0.06402301788330078,4.465738773345947
0,94,0.977687640393418,0.060500000000000026,0.24067234992980957,4.465738773345947
0,95,0.9783688719754016,0.05900000000000005,0.0858926773071289,4.465738773345947
0,96,0.9797001163374544,0.057499999999999996,0.09134364128112793,4.465738773345947
0,97,0.9808746019080236,0.05600000000000005,0.08565044403076172,4.465738773345947
0,98,0.9832995888701904,0.05449999999999999,0.16113996505737305,4.465738773345947
0,99,0.9855714689504138,0.05300000000000005,0.17044663429260254,4.465738773345947
0,100,0.9867295521259951,0.05149999999999999,0.09267878532409668,4.465738773345947
0,101,0.9877491594250604,0.050000000000000044,0.08591699600219727,4.465738773345947
0,102,0.9910728887606577,0.04849999999999999,0.20933055877685547,4.465738773345947
0,103,0.9916914829068697,0.04700000000000004,0.08584904670715332,4.465738773345947
0,104,0.9941932683216554,0.045499999999999985,0.18039655685424805,4.465738773345947
0,105,0.9955334270481078,0.04400000000000004,0.10325455665588379,4.465738773345947
0,106,0.9979329537488748,0.04249999999999998,0.16865777969360352,4.465738773345947
0,107,0.9995239078651422,0.041000000000000036,0.12755250930786133,4.465738773345947
0,108,1.0004912002104627,0.03949999999999998,0.0938115119934082,4.465738773345947
0,109,1.0035913429600307,0.038000000000000034,0.26011013984680176,4.465738773345947
0,110,1.0046151136733306,0.03649999999999998,0.10038113594055176,4.465738773345947
0,111,1.00622157483448,0.03500000000000003,0.11390209197998047,4.465738773345947
0,112,1.0086711602978395,0.033499999999999974,0.241410493850708,4.465738773345947
0,113,1.0098206969573913,0.03200000000000003,0.11485528945922852,4.465738773345947
0,114,1.0118413256480867,0.030500000000000083,0.19141674041748047,4.465738773345947
0,115,1.0137430739925493,0.029000000000000026,0.24082231521606445,4.465738773345947
0,116,1.0154455458954386,0.02750000000000008,0.20828866958618164,4.465738773345947
0,117,1.0172055913467073,0.026000000000000023,0.2023618221282959,4.465738773345947
0,118,1.0188820325184302,0.024500000000000077,0.200178861618042,4.465738773345947
0,119,1.0206906671429778,0.02300000000000002,0.20846223831176758,4.465738773345947
0,120,1.0223447941809418,0.021500000000000075,0.23514628410339355,4.465738773345947
0,121,0.9706802268484915,0.020000000000000046,0.709125280380249,4.465738773345947
0,122,0.9698321049208961,0.020000000000000073,0.307875394821167,4.465738773345947
0,123,0.9694056766366091,0.020000000000000073,0.26146984100341797,4.465738773345947
0,124,0.9691240622593352,0.020000000000000046,0.15728497505187988,4.465738773345947
0,125,0.9686722532159339,0.020000000000000073,0.1945490837097168,4.465738773345947
0,126,0.9684965435335493,0.020000000000000073,0.13707351684570312,4.465738773345947
0,127,0.9683354471722195,0.020000000000000073,0.11023926734924316,4.465738773345947
0,128,0.9679886329674264,0.020000000000000018,0.17097949981689453,4.465738773345947
0,129,0.9679176479580944,0.020000000000000018,0.08946037292480469,4.465738773345947
0,130,0.9676816726302673,0.020000000000000018,0.14459872245788574,4.465738773345947
0,131,0.9674045476451106,0.020000000000000018,0.12869000434875488,4.465738773345947
0,132,0.9672791851446422,0.020000000000000018,0.10909199714660645,4.465738773345947
0,133,0.9671839035720018,0.020000000000000073,0.09167695045471191,4.465738773345947
0,134,0.96703034576446,0.020000000000000018,0.12537002563476562,4.465738773345947
0,135,0.966738570669085,0.020000000000000018,0.15081286430358887,4.465738773345947
0,136,0.9665704682883449,0.020000000000000018,0.11247968673706055,4.465738773345947
0,137,0.9664908488847626,0.020000000000000018,0.09950876235961914,4.465738773345947
0,138,0.9664194827207957,0.020000000000000018,0.08164858818054199,4.465738773345947
0,139,0.9661730945747622,0.020000000000000046,0.14190459251403809,4.465738773345947
0,140,0.9658406681073987,0.020000000000000018,0.13908720016479492,4.465738773345947
0,141,0.9657936308075176,0.020000000000000018,0.07616305351257324,4.465738773345947
0,142,0.9657333045136445,0.020000000000000073,0.07792258262634277,4.465738773345947
0,143,0.965541072375391,0.020000000000000018,0.11880064010620117,4.465738773345947
0,144,0.9654443608590817,0.020000000000000018,0.09154415130615234,4.465738773345947
0,145,0.9653790308537982,0.020000000000000018,0.08826589584350586,4.465738773345947
0,146,0.9652465764060834,0.020000000000000018,0.08487415313720703,4.465738773345947
0,147,0.9649942443839508,0.020000000000000018,0.09928369522094727,4.465738773345947
0,148,0.9649518591381914,0.020000000000000073,0.057428836822509766,4.465738773345947
0,149,0.9646177812408919,0.020000000000000073,0.13225936889648438,4.465738773345947
0,150,0.9645935003130442,0.020000000000000018,0.059801578521728516,4.465738773345947
0,1,0.6420132040401629,0.2,0.8339111804962158,4.459405899047852
0,2,0.6416261755124824,0.19850000000000007,0.17149114608764648,4.465738773345947
0,3,0.6416178127016929,0.19700000000000004,0.1267087459564209,4.465738773345947
0,4,0.6459060940404561,0.1855444522163866,0.13487911224365234,4.465738773345947
0,5,0.6480966061509394,0.1531168686848482,0.09098362922668457,4.465738773345947
0,6,0.6545039165424223,0.12132991187584752,0.12379312515258789,4.465738773345947
0,7,0.6557118809775133,0.09352663424269358,0.06609249114990234,4.465738773345947
0,8,0.6646955259431861,0.10210336178411028,0.15430140495300293,4.465738773345947
0,9,0.6663666006276595,0.1011649646689704,0.06885361671447754,4.465738773345947
0,10,0.6713920092828616,0.07927823619821817,0.10436582565307617,4.465738773345947
0,11,0.673573233893179,0.09099106112223487,0.07036590576171875,4.465738773345947
0,12,0.6836986296777168,0.06995596336153387,0.1480882167816162,4.465738773345947
0,13,0.6859023241574473,0.08039802646430994,0.07940983772277832,4.465738773345947
0,14,0.6912222505158923,0.059720092244194056,0.12044572830200195,4.465738773345947
0,15,0.6933409028594575,0.06002699491943253,0.0700833797454834,4.465738773345947
0,16,0.7044550478587608,0.05201797258541904,0.18844890594482422,4.465738773345947
0,17,0.7070894028794332,0.049908499044834076,0.07834815979003906,4.465738773345947
0,18,0.7113872123780398,0.04539790095252927,0.09294533729553223,4.465738773345947
0,19,0.7185230406293996,0.05236265317654609,0.11192464828491211,4.465738773345947
0,20,0.720310862615221,0.036967239188748335,0.07208132743835449,4.465738773345947
0,21,0.731092176083697,0.03673436964791443,0.15897202491760254,4.465738773345947
0,22,0.7334887787363922,0.040408219610235885,0.07409882545471191,4.465738773345947
0,23,0.7390488856951727,0.034702310074126275,0.11026215553283691,4.465738773345947
0,24,0.7440957791395174,0.03787262316779938,0.09959554672241211,4.465738773345947
0,25,0.7508868483425291,0.032831596593023926,0.13609528541564941,4.465738773345947
0,26,0.7574206522654878,0.031420070900237906,0.12373733520507812,4.465738773345947
0,27,0.7611035852296091,0.03075832356618291,0.08696985244750977,4.465738773345947
0,28,0.7674588965020896,0.029332572345964092,0.10601639747619629,4.465738773345947
0,29,0.7726540755432908,0.03236549889062801,0.09388256072998047,4.465738773345947
0,30,0.7792275712470643,0.033482966709174944,0.12421798706054688,4.465738773345947
0,31,0.7861474538032904,0.03115729916716503,0.12953567504882812,4.465738773345947
0,32,0.7898400229583296,0.034710845643541655,0.08728432655334473,4.465738773345947
0,33,0.7975179483929493,0.03203079838138334,0.13524198532104492,4.465738773345947
0,34,0.8029598795056833,0.036426369554432125,0.10338425636291504,4.465738773345947
0,35,0.8067012976582228,0.04207050729112338,0.08606410026550293,4.465738773345947
0,36,0.8168771432342838,0.0396371538101864,0.17162704467773438,4.465738773345947
0,37,0.8196374801980597,0.03765860578542701,0.0851740837097168,4.465738773345947
0,38,0.8259589117516694,0.03648094514967437,0.11681771278381348,4.465738773345947
0,39,0.8347348764785703,0.03886421695148523,0.16320562362670898,4.465738773345947
0,40,0.8370258209146662,0.04682887775449063,0.08579444885253906,4.465738773345947
0,41,0.9001698830756174,0.14,0.32794737815856934,4.465738773345947
0,42,0.9035963213691729,0.1267445674209493,0.11994123458862305,4.465738773345947
0,43,0.9074365095155449,0.10696637132628262,0.12911629676818848,4.465738773345947
0,44,0.9144744230696278,0.08526913317314144,0.20370030403137207,4.465738773345947
0,45,0.9169255038335261,0.10469445317392301,0.12246847152709961,4.465738773345947
0,46,0.9210961093184427,0.10551913134600777,0.156524658203125,4.465738773345947
0,47,0.9260731722778258,0.0900752645250994,0.1932060718536377,4.465738773345947
0,48,0.9283744728617983,0.11190532447186041,0.14911508560180664,4.465738773345947
0,49,0.9317703972072005,0.09846609960370278,0.2080397605895996,4.465738773345947
0,50,0.9331063960479307,0.12078026416785148,0.1443006992340088,4.465738773345947
0,51,0.9351246903734183,0.12237921997595691,0.20721983909606934,4.465738773345947
0,52,0.9351414039884117,0.10769708959919877,0.14261388778686523,4.465738773345947
0,53,0.935899177003159,0.122,0.20112085342407227,4.465738773345947
0,54,0.9345493809713109,0.12050000000000005,0.12840533256530762,4.465738773345947
0,55,0.9332358085751873,0.119,0.14165687561035156,4.465738773345947
0,56,0.9355687305477522,0.11750000000000005,0.17731618881225586,4.465738773345947
0,57,0.9363948910292965,0.11599999999999999,0.1270604133605957,4.465738773345947
0,58,0.9379344543882612,0.11450000000000005,0.15620756149291992,4.465738773345947
0,59,0.9398521287569578,0.11299999999999999,0.15174579620361328,4.465738773345947
0,60,0.9414567806167553,0.11150000000000004,0.1489276885986328,4.465738773345947
0,61,0.9427684763407322,0.08556752659988942,0.11465144157409668,4.465738773345947
0,62,0.9446175687569291,0.09198090551571536,0.1492476463317871,4.465738773345947
0,63,0.9470734699128375,0.09663704448468058,0.16440057754516602,4.465738773345947
0,64,0.9478577433855557,0.10550000000000004,0.08552694320678711,4.465738773345947
0,65,0.9506312881981738,0.10399999999999998,0.16409850120544434,4.465738773345947
0,66,0.951193232692014,0.10250000000000004,0.08197140693664551,4.465738773345947
0,67,0.9543125223560087,0.10099999999999998,0.17650699615478516,4.465738773345947
0,68,0.9545644296946088,0.09950000000000003,0.0691518783569336,4.465738773345947
0,69,0.9580764167036484,0.07304051552000845,0.18246793746948242,4.465738773345947
0,70,0.9585818400444621,0.07965670190851815,0.07573938369750977,4.465738773345947
0,71,0.9617570715525782,0.09500000000000003,0.16622090339660645,4.465738773345947
0,72,0.9626714899212753,0.09350000000000003,0.0849149227142334,4.465738773345947
0,73,0.9637816699932727,0.09200000000000001,0.0899815559387207,4.465738773345947
0,74,0.9665270694048516,0.09050000000000002,0.16059541702270508,4.465738773345947
0,75,0.9694965511860194,0.07116308398303195,0.16327619552612305,4.465738773345947
0,76,0.9704512773094645,0.08052170797642366,0.08438634872436523,4.465738773345947
0,77,0.9723148657705302,0.08600000000000008,0.11049127578735352,4.465738773345947
0,78,0.9735448472378153,0.08450000000000002,0.09164118766784668,4.465738773345947
0,79,0.9763113559809564,0.08300000000000007,0.14775753021240234,4.465738773345947
0,80,0.9794017678768722,0.08150000000000002,0.16080403327941895,4.465738773345947
0,81,0.9639989174173194,0.08000000000000007,0.35848212242126465,4.465738773345947
0,82,0.9628102053032085,0.07850000000000003,0.27518582344055176,4.465738773345947
0,83,0.9643260684238828,0.07700000000000007,0.19448018074035645,4.465738773345947
0,84,0.9642679325546347,0.07550000000000001,0.24333596229553223,4.465738773345947
0,85,0.9647803816428835,0.07400000000000007,0.09478163719177246,4.465738773345947
0,86,0.9665066984006963,0.07250000000000001,0.14036130905151367,4.465738773345947
0,87,0.9667816893244271,0.07100000000000006,0.07781124114990234,4.465738773345947
0,88,0.9691630221711669,0.0695,0.14490413665771484,4.465738773345947
0,89,0.9693566199433774,0.06800000000000006,0.06670427322387695,4.465738773345947
0,90,0.9708255406634877,0.0665,0.09572911262512207,4.465738773345947
0,91,0.9726945302815655,0.06500000000000006,0.14259052276611328,4.465738773345947
0,92,0.9739431112993457,0.0635,0.08659744262695312,4.465738773345947
0,93,0.9748631858528525,0.062000000000000055,0.08453249931335449,4.465738773345947
0,94,0.9763732342127338,0.0605,0.09585785865783691,4.465738773345947
0,95,0.9783173885000223,0.05900000000000005,0.12899112701416016,4.465738773345947
0,96,0.9807390412789909,0.057499999999999996,0.16346478462219238,4.465738773345947
0,97,0.9826913222947442,0.05600000000000005,0.14576435089111328,4.465738773345947
0,98,0.9836241781430418,0.05449999999999999,0.08857107162475586,4.465738773345947
0,99,0.9842611186725421,0.05300000000000005,0.0764780044555664,4.465738773345947
0,100,0.9880688186934996,0.05149999999999999,0.22122573852539062,4.465738773345947
0,101,0.9889171778521109,0.050000000000000044,0.08687329292297363,4.465738773345947
0,102,0.9906739404008748,0.04849999999999999,0.1116032600402832,4.465738773345947
0,103,0.9917953568988167,0.04700000000000004,0.09478950500488281,4.465738773345947
0,104,0.9950366035723608,0.045499999999999985,0.24922704696655273,4.465738773345947
0,105,0.9959999362763077,0.04400000000000004,0.09369301795959473,4.465738773345947
0,106,0.9975733199552809,0.04249999999999998,0.10374236106872559,4.465738773345947
0,107,0.9995914549221082,0.041000000000000036,0.13719630241394043,4.465738773345947
0,108,1.0012270612639749,0.03949999999999998,0.16437005996704102,4.465738773345947
0,109,1.003349141805875,0.038000000000000034,0.18442845344543457,4.465738773345947
0,110,1.004577892842244,0.03650000000000003,0.10479259490966797,4.465738773345947
0,111,1.0069258574309354,0.03500000000000003,0.18794775009155273,4.465738773345947
0,112,1.0084924314641823,0.033499999999999974,0.1685631275177002,4.465738773345947
0,113,1.009847517873362,0.03200000000000003,0.11165881156921387,4.465738773345947
0,114,1.0124515813571069,0.030500000000000083,0.2519862651824951,4.465738773345947
0,115,1.0136107159404288,0.029000000000000026,0.11490488052368164,4.465738773345947
0,116,1.0158977190876768,0.02750000000000008,0.25316452980041504,4.465738773345947
0,117,1.0170623732305444,0.02600000000000008,0.11771512031555176,4.465738773345947
0,118,1.0193748286682567,0.024500000000000077,0.27080631256103516,4.465738773345947
0,119,1.0205706101086323,0.02300000000000002,0.12268447875976562,4.465738773345947
0,120,1.022802807053819,0.021500000000000075,0.2797231674194336,4.465738773345947
0,121,0.9707178486741876,0.020000000000000073,0.6933634281158447,4.465738773345947
0,122,0.9698904700067582,0.020000000000000018,0.3037595748901367,4.465738773345947
0,123,0.9694925599898059,0.020000000000000025,0.27210140228271484,4.465738773345947
0,124,0.969224703018746,0.020000000000000018,0.14634180068969727,4.465738773345947
0,125,0.9687127988754334,0.020000000000000018,0.26065897941589355,4.465738773345947
0,126,0.9685855488300064,0.020000000000000018,0.1109468936920166,4.465738773345947
0,127,0.9683876073469555,0.020000000000000018,0.13581538200378418,4.465738773345947
0,128,0.9681065768958312,0.020000000000000018,0.12689828872680664,4.465738773345947
0,129,0.9679416979480624,0.020000000000000073,0.12201738357543945,4.465738773345947
0,130,0.9676990058522069,0.020000000000000018,0.13277912139892578,4.465738773345947
0,131,0.967529988232779,0.020000000000000073,0.12332487106323242,4.465738773345947
0,132,0.9673951034003783,0.020000000000000018,0.09987068176269531,4.465738773345947
0,133,0.9670759304942573,0.020000000000000018,0.15173125267028809,4.465738773345947
0,134,0.9670230035522576,0.020000000000000018,0.07487726211547852,4.465738773345947
0,135,0.9668171807346786,0.020000000000000073,0.11399626731872559,4.465738773345947
0,136,0.9667881633350175,0.020000000000000018,0.059152841567993164,4.465738773345947
0,137,0.9664652515455352,0.020000000000000018,0.12243986129760742,4.465738773345947
0,138,0.9664382426853553,0.020000000000000018,0.06070709228515625,4.465738773345947
0,139,0.9660819509700797,0.020000000000000018,0.13312387466430664,4.465738773345947
0,140,0.9660572880768129,0.020000000000000018,0.057604074478149414,4.465738773345947
0,141,0.9657942462517276,0.020000000000000018,0.12067317962646484,4.465738773345947
0,142,0.9657698493992193,0.020000000000000018,0.05974292755126953,4.465738773345947
0,143,0.965636285910439,0.020000000000000018,0.09541487693786621,4.465738773345947
0,144,0.9656056852478816,0.020000000000000018,0.05576825141906738,4.465738773345947
0,145,0.9650867957649926,0.020000000000000018,0.16716694831848145,4.465738773345947
0,146,0.9650651339827896,0.020000000000000018,0.05698966979980469,4.465738773345947
0,147,0.964991380956474,0.020000000000000018,0.08142709732055664,4.465738773345947
0,148,0.9649683870795107,0.020000000000000018,0.05678868293762207,4.465738773345947
0,149,0.964691163456804,0.020000000000000018,0.10865616798400879,4.465738773345947
0,150,0.9646744941194496,0.020000000000000018,0.052611351013183594,4.465738773345947
0,1,0.6420204505563327,0.2,0.8370974063873291,4.459405899047852
0,2,0.6411996473185206,0.1985,0.14249420166015625,4.465738773345947
0,3,0.6419275268453564,0.19700000000000004,0.11007261276245117,4.465738773345947
0,4,0.6454909204592791,0.17179871544545522,0.10979390144348145,4.465738773345947
0,5,0.6486025676153546,0.14546420320016995,0.08978271484375,4.465738773345947
0,6,0.6541574631994621,0.12729835005573376,0.108917236328125,4.465738773345947
0,7,0.656014973790046,0.0936176131745251,0.06665229797363281,4.465738773345947
0,8,0.6631901899907399,0.0969294788996784,0.11071395874023438,4.465738773345947
0,9,0.6648589102740141,0.10883485312659358,0.05973696708679199,4.465738773345947
0,10,0.674301494822303,0.07651387755805783,0.1415398120880127,4.465738773345947
0,11,0.676105534341592,0.08685674653064068,0.06263422966003418,4.465738773345947
0,12,0.6811185801366216,0.07493470536025715,0.09447407722473145,4.465738773345947
0,13,0.6834412446069826,0.07287279360678345,0.06699252128601074,4.465738773345947
0,14,0.6940273746716557,0.054096948466987316,0.1443495750427246,4.465738773345947
0,15,0.6964789463921933,0.05811215238979772,0.06962013244628906,4.465738773345947
0,16,0.7015831799533621,0.053298136316293654,0.09545636177062988,4.465738773345947
0,17,0.7065228147351221,0.04608183332293492,0.08801150321960449,4.465738773345947
0,18,0.7127090307959238,0.045816337423116305,0.10892128944396973,4.465738773345947
0,19,0.719095847507053,0.05026221042203394,0.11557221412658691,4.465738773345947
0,20,0.7223696973613267,0.03354312314245711,0.07708191871643066,4.465738773345947
0,21,0.7261848828578217,0.037185974326175875,0.08223843574523926,4.465738773345947
0,22,0.7359624295999199,0.03570772120882737,0.14201641082763672,4.465738773345947
0,23,0.738191664117603,0.035896952517115555,0.06879544258117676,4.465738773345947
0,24,0.7457855379610654,0.03486520834042128,0.12329936027526855,4.465738773345947
0,25,0.750381624887422,0.03870657193570837,0.08653807640075684,4.465738773345947
0,26,0.7542471926143486,0.03249219317888541,0.08562183380126953,4.465738773345947
0,27,0.7636975673242565,0.028194282041794527,0.1386866569519043,4.465738773345947
0,28,0.7660778482240193,0.0307596801213188,0.07011914253234863,4.465738773345947
0,29,0.774061471686368,0.027392420606636714,0.12593436241149902,4.465738773345947
0,30,0.7799385772550317,0.03145058317800187,0.11084389686584473,4.465738773345947
0,31,0.7842892131025851,0.03129430745261297,0.08768844604492188,4.465738773345947
0,32,0.7911053746493968,0.031138287791601216,0.10579657554626465,4.465738773345947
0,33,0.7966782653598634,0.03274814200303111,0.11203765869140625,4.465738773345947
0,34,0.8034870016348479,0.033948622928699934,0.12291431427001953,4.465738773345947
0,35,0.8076148702880523,0.03984252997812432,0.09192705154418945,4.465738773345947
0,36,0.8169159253410847,0.03749804092048903,0.15305757522583008,4.465738773345947
0,37,0.8197420197257606,0.04310893401988347,0.0834650993347168,4.465738773345947
0,38,0.8271831076563456,0.035645240703562675,0.12951064109802246,4.465738773345947
0,39,0.833141155797481,0.03758845053957549,0.11812067031860352,4.465738773345947
0,40,0.8392035808637857,0.0413259964476258,0.1198725700378418,4.465738773345947
0,41,0.9009221698770524,0.14,0.3175041675567627,4.465738773345947
0,42,0.9044880518188418,0.1251482176063119,0.1189873218536377,4.465738773345947
0,43,0.9084281810702266,0.09778838597300554,0.12252283096313477,4.465738773345947
0,44,0.9157104789692054,0.08261976858077102,0.19513726234436035,4.465738773345947
0,45,0.9182328724156124,0.09392157392679035,0.11168956756591797,4.465738773345947
0,46,0.9231393854854149,0.11509650571219543,0.16602683067321777,4.465738773345947
0,47,0.9273180263802301,0.08220223526278037,0.1605525016784668,4.465738773345947
0,48,0.9300076987109602,0.10041041725582711,0.12740182876586914,4.465738773345947
0,49,0.9336011782325648,0.12121724543262413,0.18486380577087402,4.465738773345947
0,50,0.9353418065336185,0.11045250110463978,0.13797593116760254,4.465738773345947
0,51,0.9376810195011243,0.125,0.18902969360351562,4.465738773345947
0,52,0.9379171366335199,0.12350000000000005,0.13733768463134766,4.465738773345947
0,53,0.9389270112157473,0.12098850572581621,0.1897287368774414,4.465738773345947
0,54,0.937752198592785,0.12050000000000005,0.1320815086364746,4.465738773345947
0,55,0.9371384854743594,0.1138523616916205,0.1779003143310547,4.465738773345947
0,56,0.937109293484523,0.11750000000000005,0.12167668342590332,4.465738773345947
0,57,0.9386986220681774,0.11599999999999999,0.17711901664733887,4.465738773345947
0,58,0.9393312890942574,0.11450000000000005,0.08747601509094238,4.465738773345947
0,59,0.9419008595347587,0.11299999999999999,0.2088911533355713,4.465738773345947
0,60,0.9425084145161091,0.11150000000000004,0.09299707412719727,4.465738773345947
0,61,0.9452193660851691,0.1069518528978326,0.19212746620178223,4.465738773345947
0,62,0.9457452405109594,0.09002563614432246,0.08198761940002441,4.465738773345947
0,63,0.9490042777542812,0.09235940417113819,0.20398831367492676,4.465738773345947
0,64,0.9493255316994464,0.10550000000000004,0.07953143119812012,4.465738773345947
0,65,0.9516139199695991,0.10399999999999998,0.14912915229797363,4.465738773345947
0,66,0.9535036903010856,0.10250000000000004,0.14038944244384766,4.465738773345947
0,67,0.9555591066787055,0.10099999999999998,0.1418600082397461,4.465738773345947
0,68,0.9562368187580892,0.09950000000000003,0.08663129806518555,4.465738773345947
0,69,0.9589966219440154,0.07161293556033188,0.17922258377075195,4.465738773345947
0,70,0.9592034678757699,0.08121713321374124,0.06533002853393555,4.465738773345947
0,71,0.9626314290743142,0.08819020047992698,0.18133115768432617,4.465738773345947
0,72,0.9632136993247473,0.09350000000000003,0.08652853965759277,4.465738773345947
0,73,0.9662891872607512,0.09199999999999997,0.16770029067993164,4.465738773345947
0,74,0.967151462523184,0.0787134452150241,0.08428573608398438,4.465738773345947
0,75,0.9689613244484157,0.07093604037199416,0.11403012275695801,4.465738773345947
0,76,0.9701280793802181,0.08750000000000002,0.09173846244812012,4.465738773345947
0,77,0.97288309452275,0.08158576378857385,0.15441513061523438,4.465738773345947
0,78,0.9759012586247808,0.08450000000000002,0.1569843292236328,4.465738773345947
0,79,0.9775579588505734,0.08300000000000007,0.10214519500732422,4.465738773345947
0,80,0.9784882585620684,0.08150000000000002,0.07805919647216797,4.465738773345947
0,81,0.9645269198052082,0.08000000000000007,0.35523128509521484,4.465738773345947
0,82,0.9635808932454767,0.07850000000000003,0.2690868377685547,4.465738773345947
0,83,0.9639909772376054,0.07700000000000001,0.2540559768676758,4.465738773345947
0,84,0.9646493122863788,0.07550000000000001,0.13123250007629395,4.465738773345947
0,85,0.9664064159477459,0.07400000000000007,0.16283178329467773,4.465738773345947
0,86,0.9672314883259319,0.07250000000000001,0.10712909698486328,4.465738773345947
0,87,0.9685541406677728,0.07100000000000006,0.1180729866027832,4.465738773345947
0,88,0.9695848455161824,0.0695,0.09610867500305176,4.465738773345947
0,89,0.9710761978939791,0.06800000000000006,0.11755228042602539,4.465738773345947
0,90,0.9721268680956269,0.0665,0.08733081817626953,4.465738773345947
0,91,0.972562279565149,0.06500000000000006,0.07106924057006836,4.465738773345947
0,92,0.975252664528717,0.0635,0.1386101245880127,4.465738773345947
0,93,0.975637190504973,0.062000000000000055,0.07036375999450684,4.465738773345947
0,94,0.9767905139633791,0.0605,0.07988095283508301,4.465738773345947
0,95,0.9790736978187818,0.05900000000000005,0.1501154899597168,4.465738773345947
0,96,0.9805571479928501,0.057499999999999996,0.09248018264770508,4.465738773345947
0,97,0.9815894984526499,0.05600000000000005,0.08408403396606445,4.465738773345947
0,98,0.9837199511162882,0.05449999999999999,0.1456601619720459,4.465738773345947
0,99,0.9861506316137147,0.05300000000000005,0.16910481452941895,4.465738773345947
0,100,0.9871644583004835,0.05149999999999999,0.09190511703491211,4.465738773345947
0,101,0.9889988162309136,0.050000000000000044,0.11258411407470703,4.465738773345947
0,102,0.9903259609032684,0.04849999999999999,0.0993802547454834,4.465738773345947
0,103,0.9925554930599128,0.04700000000000004,0.16268515586853027,4.465738773345947
0,104,0.9947585736909332,0.045499999999999985,0.1683330535888672,4.465738773345947
0,105,0.9959809504953587,0.04400000000000004,0.09639763832092285,4.465738773345947
0,106,0.9982833918722435,0.04249999999999998,0.1708362102508545,4.465738773345947
0,107,0.9998374115686535,0.041000000000000036,0.11303901672363281,4.465738773345947
0,108,1.000778456069288,0.03949999999999998,0.08953166007995605,4.465738773345947
0,109,1.0038329000673436,0.038000000000000034,0.2587318420410156,4.465738773345947
0,110,1.0049201950235074,0.03649999999999998,0.10303831100463867,4.465738773345947
0,111,1.006511561463683,0.03500000000000003,0.11344623565673828,4.465738773345947
0,112,1.0089739558331154,0.033499999999999974,0.20879530906677246,4.465738773345947
0,113,1.0106111713884012,0.03200000000000003,0.15653109550476074,4.465738773345947
0,114,1.011714245758967,0.030500000000000083,0.10130524635314941,4.465738773345947
0,115,1.0143186226246839,0.029000000000000026,0.2684659957885742,4.465738773345947
0,116,1.0154766659201777,0.02750000000000008,0.11491608619689941,4.465738773345947
0,117,1.017748518742418,0.026000000000000023,0.2577211856842041,4.465738773345947
0,118,1.0189346667665804,0.024500000000000077,0.11655521392822266,4.465738773345947
0,119,1.0212077940551616,0.02300000000000002,0.2757530212402344,4.465738773345947
0,120,1.022420963088261,0.021500000000000075,0.12007808685302734,4.465738773345947
0,121,0.9707708602890524,0.020000000000000073,0.6399784088134766,4.465738773345947
0,122,0.9699470573725433,0.020000000000000018,0.2818434238433838,4.465738773345947
0,123,0.9695382484197078,0.020000000000000073,0.27239155769348145,4.465738773345947
0,124,0.9692679630071153,0.020000000000000018,0.1603076457977295,4.465738773345947
0,125,0.968822596142821,0.020000000000000018,0.19188189506530762,4.465738773345947
0,126,0.9686538314080204,0.020000000000000018,0.1284620761871338,4.465738773345947
0,127,0.9684904118685329,0.020000000000000073,0.09894371032714844,4.465738773345947
0,128,0.9681511738616891,0.020000000000000018,0.15990090370178223,4.465738773345947
0,129,0.9680666653763812,0.020000000000000018,0.0860295295715332,4.465738773345947
0,130,0.9677185445018572,0.020000000000000018,0.1619884967803955,4.465738773345947
0,131,0.967645122572871,0.020000000000000073,0.07789349555969238,4.465738773345947
0,132,0.9674294821023941,0.020000000000000018,0.12340116500854492,4.465738773345947
0,133,0.9671885975709632,0.020000000000000073,0.11324453353881836,4.465738773345947
0,134,0.9670285269875809,0.020000000000000018,0.10302305221557617,4.465738773345947
0,135,0.9669265511549265,0.020000000000000018,0.08651494979858398,4.465738773345947
0,136,0.9667638320563843,0.020000000000000018,0.13304972648620605,4.465738773345947
0,137,0.966463139125472,0.020000000000000018,0.10991692543029785,4.465738773345947
0,138,0.9664042762736162,0.020000000000000018,0.07106971740722656,4.465738773345947
0,139,0.9663466149192683,0.020000000000000018,0.06973981857299805,4.465738773345947
0,140,0.9660066191825248,0.020000000000000018,0.12258601188659668,4.465738773345947
0,141,0.9657618117347606,0.020000000000000046,0.1084139347076416,4.465738773345947
0,142,0.9657107328828325,0.020000000000000018,0.06873703002929688,4.465738773345947
0,143,0.9656525233426111,0.020000000000000018,0.06637120246887207,4.465738773345947
0,144,0.9655584359029286,0.020000000000000018,0.07488059997558594,4.465738773345947
0,145,0.9653085094311105,0.020000000000000018,0.09846878051757812,4.465738773345947
0,146,0.965022107351356,0.020000000000000018,0.11883544921875,4.465738773345947
0,147,0.9649641712331902,0.020000000000000018,0.0672295093536377,4.465738773345947
0,148,0.964925202419173,0.020000000000000073,0.06499910354614258,4.465738773345947
0,149,0.9646843562003871,0.020000000000000018,0.08866381645202637,4.465738773345947
0,150,0.9646399941766581,0.020000000000000018,0.06737041473388672,4.465738773345947
0,1,0.6420180650249167,0.2,0.5798590183258057,4.459405899047852
0,2,0.6409298776519563,0.19850000000000007,0.1537482738494873,4.465738773345947
0,3,0.6417702501085308,0.197,0.12505507469177246,4.465738773345947
0,4,0.6455400642023306,0.1814796735629921,0.12349152565002441,4.465738773345947
0,5,0.6487629671723507,0.1398959877006335,0.10218477249145508,4.465738773345947
0,6,0.6529637807910456,0.13841692947004924,0.10242366790771484,4.465738773345947
0,7,0.6566490525091897,0.08872501219326234,0.09202337265014648,4.465738773345947
0,8,0.6623052032408289,0.09379104169296326,0.11246943473815918,4.465738773345947
0,9,0.6676191012204037,0.1037496853302633,0.11591076850891113,4.465738773345947
0,10,0.6708823739314163,0.07500456022608781,0.08762550354003906,4.465738773345947
0,11,0.6769168638657942,0.07974602300950495,0.1204838752746582,4.465738773345947
0,12,0.6812705008889135,0.08594675275260855,0.09950494766235352,4.465738773345947
0,13,0.686872244728537,0.07496590842776762,0.12077021598815918,4.465738773345947
0,14,0.6926196747629141,0.06390254377572946,0.11189985275268555,4.465738773345947
0,15,0.6959284674629338,0.061628185617890185,0.0840606689453125,4.465738773345947
0,16,0.7019848630993093,0.05169629744830195,0.11789083480834961,4.465738773345947
0,17,0.7065978789432235,0.04519163468325993,0.09148859977722168,4.465738773345947
0,18,0.7129279948515068,0.045545371285705794,0.12252116203308105,4.465738773345947
0,19,0.7190038472127553,0.045408934158502445,0.1185159683227539,4.465738773345947
0,20,0.7224316499678334,0.04620892872541105,0.09018135070800781,4.465738773345947
0,21,0.7285670254583978,0.03630421229922154,0.11644697189331055,4.465738773345947
0,22,0.7307437927397391,0.038367285160018416,0.08385181427001953,4.465738773345947
0,23,0.742158856324544,0.03139854084030247,0.19434690475463867,4.465738773345947
0,24,0.7447295119861197,0.03666801226539007,0.07686352729797363,4.465738773345947
0,25,0.7497022838452757,0.034610878071714035,0.09635400772094727,4.465738773345947
0,26,0.7569234221920416,0.030989186899876064,0.13199734687805176,4.465738773345947
0,27,0.7589427134211617,0.030206145946323426,0.07741880416870117,4.465738773345947
0,28,0.770207908064513,0.027241147422238154,0.18809127807617188,4.465738773345947
0,29,0.7728941833572042,0.029591187754116732,0.08127784729003906,4.465738773345947
0,30,0.7782775585956301,0.027519271999388972,0.10149168968200684,4.465738773345947
0,31,0.7859962316213545,0.03141609663040801,0.12592673301696777,4.465738773345947
0,32,0.787995860939697,0.03297937823021746,0.07947993278503418,4.465738773345947
0,33,0.799306135816042,0.030827151735183578,0.20519423484802246,4.465738773345947
0,34,0.8020571286278141,0.03254186930458847,0.08555221557617188,4.465738773345947
0,35,0.8083375510332924,0.03660908457528944,0.12294363975524902,4.465738773345947
0,36,0.8171440232745968,0.03817374515126104,0.16363930702209473,4.465738773345947
0,37,0.8193075652628127,0.04155525560511242,0.08101058006286621,4.465738773345947
0,38,0.8286604546948148,0.039952549005098925,0.1787586212158203,4.465738773345947
0,39,0.8315274168780568,0.03618582228844336,0.0958096981048584,4.465738773345947
0,40,0.8409987729828999,0.03748664932344237,0.17134547233581543,4.465738773345947
0,41,0.9014349454979365,0.14,0.3386516571044922,4.465738773345947
0,42,0.9050170136107251,0.12375693280878775,0.13417935371398926,4.465738773345947
0,43,0.9089969998403262,0.09685647834814126,0.13652968406677246,4.465738773345947
0,44,0.9163619982424505,0.07936179185222414,0.20742416381835938,4.465738773345947
0,45,0.9189288361194636,0.08667835352495468,0.1179056167602539,4.465738773345947
0,46,0.9241326538523928,0.10584461645717558,0.1869211196899414,4.465738773345947
0,47,0.9283901664843807,0.07661428662542691,0.17786455154418945,4.465738773345947
0,48,0.9312611333811246,0.09203936021770487,0.14052295684814453,4.465738773345947
0,49,0.9338831026424719,0.11215297953890835,0.15544581413269043,4.465738773345947
0,50,0.9376821360415041,0.10176076881327167,0.19309592247009277,4.465738773345947
0,51,0.9386506962021681,0.12466059804528784,0.13459300994873047,4.465738773345947
0,52,0.9403993976277087,0.1204277461881027,0.19294452667236328,4.465738773345947
0,53,0.9401390511521525,0.11157956109233913,0.1377425193786621,4.465738773345947
0,54,0.9406635223910385,0.12050000000000005,0.19807648658752441,4.465738773345947
0,55,0.9392205692715194,0.10974649187782559,0.12384200096130371,4.465738773345947
0,56,0.9379322412607709,0.11750000000000005,0.14338922500610352,4.465738773345947
0,57,0.9401069605122182,0.11599999999999999,0.17383337020874023,4.465738773345947
0,58,0.9408620237749687,0.11450000000000005,0.1275172233581543,4.465738773345947
0,59,0.9424796729626072,0.11299999999999999,0.1672687530517578,4.465738773345947
0,60,0.9441789776602948,0.11150000000000004,0.15828919410705566,4.465738773345947
0,61,0.9455934758565847,0.10999999999999999,0.14974427223205566,4.465738773345947
0,62,0.9468882041819705,0.08776109332487358,0.14567828178405762,4.465738773345947
0,63,0.9485767341992903,0.09364015148971983,0.16750001907348633,4.465738773345947
0,64,0.9509190581341316,0.10550000000000004,0.1736760139465332,4.465738773345947
0,65,0.9515796941995507,0.10399999999999998,0.09334492683410645,4.465738773345947
0,66,0.9541770876839697,0.10250000000000004,0.18699860572814941,4.465738773345947
0,67,0.9547578312303967,0.10099999999999998,0.09414505958557129,4.465738773345947
0,68,0.9576811343218273,0.09950000000000003,0.19141745567321777,4.465738773345947
0,69,0.9584869651141787,0.07101870548783074,0.11116337776184082,4.465738773345947
0,70,0.959586266687694,0.07888560732754368,0.10351347923278809,4.465738773345947
0,71,0.962373993867972,0.08778281601241045,0.16832447052001953,4.465738773345947
0,72,0.9651969444478091,0.09350000000000003,0.17956304550170898,4.465738773345947
0,73,0.9659628387878436,0.09199999999999997,0.08958148956298828,4.465738773345947
0,74,0.9674912784979417,0.08469811627873125,0.11959099769592285,4.465738773345947
0,75,0.9684575069894591,0.07124137058381785,0.09305739402770996,4.465738773345947
0,76,0.9722067246375646,0.07096492159084122,0.19948649406433105,4.465738773345947
0,77,0.9725467120169831,0.07622055963447688,0.09256720542907715,4.465738773345947
0,78,0.976420010464339,0.08450000000000002,0.21572327613830566,4.465738773345947
0,79,0.9770381217987125,0.08300000000000007,0.09201478958129883,4.465738773345947
0,80,0.9802752019341534,0.08150000000000002,0.1860044002532959,4.465738773345947
0,81,0.9650828335191475,0.08000000000000007,0.4027576446533203,4.465738773345947
0,82,0.9638292245683657,0.07850000000000003,0.29659581184387207,4.465738773345947
0,83,0.9641942778853362,0.07700000000000007,0.2806246280670166,4.465738773345947
0,84,0.9652434454498754,0.07550000000000001,0.19948840141296387,4.465738773345947
0,85,0.9661132484771462,0.07399999999999995,0.12926316261291504,4.465738773345947
0,86,0.9679201402873796,0.07250000000000001,0.17841410636901855,4.465738773345947
0,87,0.9682042482161914,0.07100000000000006,0.09143733978271484,4.465738773345947
0,88,0.9705346720379255,0.0695,0.18522095680236816,4.465738773345947
0,89,0.9706968145445309,0.06800000000000006,0.08630013465881348,4.465738773345947
0,90,0.9719753151262334,0.0665,0.1130826473236084,4.465738773345947
0,91,0.9737123333802842,0.065,0.15124750137329102,4.465738773345947
0,92,0.9749607893711081,0.06350000000000006,0.1126859188079834,4.465738773345947
0,93,0.9750799934625454,0.062000000000000055,0.07555747032165527,4.465738773345947
0,94,0.978342262497683,0.060500000000000026,0.2072756290435791,4.465738773345947
0,95,0.9786084952636076,0.05900000000000005,0.07564234733581543,4.465738773345947
0,96,0.9807722386734645,0.057499999999999996,0.1350078582763672,4.465738773345947
0,97,0.9810591630403884,0.05600000000000005,0.08642005920410156,4.465738773345947
0,98,0.9849444890074123,0.05449999999999999,0.27987027168273926,4.465738773345947
0,99,0.9857564338404476,0.05300000000000005,0.09646272659301758,4.465738773345947
0,100,0.987294035443691,0.05149999999999999,0.10965442657470703,4.465738773345947
0,101,0.9893881965545562,0.050000000000000044,0.13976716995239258,4.465738773345947
0,102,0.9897530848392964,0.04849999999999999,0.08420538902282715,4.465738773345947
0,103,0.993470574895835,0.04700000000000004,0.2821011543273926,4.465738773345947
0,104,0.9944698970841497,0.045499999999999985,0.10330986976623535,4.465738773345947
0,105,0.9960231646994626,0.04400000000000004,0.10809779167175293,4.465738773345947
0,106,0.9985757002416005,0.04249999999999998,0.20184874534606934,4.465738773345947
0,107,0.9993008159103552,0.041000000000000036,0.09827899932861328,4.465738773345947
0,108,1.001611646596554,0.039500000000000035,0.17827987670898438,4.465738773345947
0,109,1.0035877659131407,0.038000000000000034,0.1758711338043213,4.465738773345947
0,110,1.0049657139554147,0.03649999999999998,0.1083226203918457,4.465738773345947
0,111,1.006764329738326,0.03500000000000009,0.1627504825592041,4.465738773345947
0,112,1.008828954048937,0.03350000000000001,0.1861286163330078,4.465738773345947
0,113,1.01066286425585,0.03200000000000003,0.18454718589782715,4.465738773345947
0,114,1.0119461556594809,0.030500000000000083,0.11349773406982422,4.465738773345947
0,115,1.0143409936501098,0.029000000000000026,0.26079416275024414,4.465738773345947
0,116,1.0155350188282453,0.02750000000000008,0.11872053146362305,4.465738773345947
0,117,1.0178873500054104,0.026000000000000023,0.2756359577178955,4.465738773345947
0,118,1.0190772696186579,0.024500000000000077,0.12277531623840332,4.465738773345947
0,119,1.0213150965629598,0.023000000000000048,0.2769792079925537,4.465738773345947
0,120,1.0225247573045202,0.021500000000000075,0.12015485763549805,4.465738773345947
0,121,0.9708555969098012,0.020000000000000018,0.6546530723571777,4.465738773345947
0,122,0.9700487035425437,0.020000000000000018,0.28916192054748535,4.465738773345947
0,123,0.9696455053160044,0.020000000000000018,0.25826215744018555,4.465738773345947
0,124,0.9693881167637965,0.020000000000000073,0.13892292976379395,4.465738773345947
0,125,0.968895506551098,0.020000000000000018,0.2633986473083496,4.465738773345947
0,126,0.9687777326509517,0.020000000000000018,0.11433601379394531,4.465738773345947
0,127,0.9685908067645262,0.020000000000000073,0.15816497802734375,4.465738773345947
0,128,0.9683030332555088,0.020000000000000073,0.14251065254211426,4.465738773345947
0,129,0.9681513031874891,0.020000000000000073,0.13736295700073242,4.465738773345947
0,130,0.9679076280090861,0.020000000000000073,0.13767075538635254,4.465738773345947
0,131,0.9677406160356724,0.020000000000000018,0.13211989402770996,4.465738773345947
0,132,0.9675982294755983,0.020000000000000073,0.10423517227172852,4.465738773345947
0,133,0.9672826654041734,0.020000000000000018,0.16236186027526855,4.465738773345947
0,134,0.9672256144590445,0.020000000000000018,0.08492922782897949,4.465738773345947
0,135,0.9669660604038535,0.020000000000000018,0.14085102081298828,4.465738773345947
0,136,0.9669113680080217,0.020000000000000018,0.07338190078735352,4.465738773345947
0,137,0.9665839053173,0.020000000000000018,0.13391590118408203,4.465738773345947
0,138,0.966554729967914,0.020000000000000018,0.06998777389526367,4.465738773345947
0,139,0.9662139004932887,0.020000000000000018,0.14776206016540527,4.465738773345947
0,140,0.9661878876759881,0.020000000000000018,0.06426334381103516,4.465738773345947
0,141,0.9658942636507473,0.020000000000000018,0.14262723922729492,4.465738773345947
0,142,0.9658706900674187,0.020000000000000018,0.07096624374389648,4.465738773345947
0,143,0.9657298454917824,0.020000000000000018,0.10134720802307129,4.465738773345947
0,144,0.965699029468004,0.020000000000000018,0.0640726089477539,4.465738773345947
0,145,0.9653126590547014,0.020000000000000018,0.1472611427307129,4.465738773345947
0,146,0.9652829438743801,0.020000000000000018,0.06455874443054199,4.465738773345947
0,147,0.9652059619142122,0.020000000000000018,0.07916688919067383,4.465738773345947
0,148,0.9649084440405125,0.020000000000000018,0.13324356079101562,4.465738773345947
0,149,0.9646630448813724,0.020000000000000018,0.1020512580871582,4.465738773345947
0,150,0.964629542829229,0.020000000000000018,0.0761866569519043,4.465738773345947
